{"_savePlayerThroughtFloor":50,"_savePlayerGold":"2400000000827394.184","_saveWizardLevel":10,"_saveWarriorLevel":2,"_saveThiefLevel":3,"_savePoetLevel":4,"_saveHermitLevel":2,"_saveCurrentBossHP":"742495663.27130121239664","_playerDamage":"19808025.70989990673872"}
